"Status","Start Time","Stop Time","Duration in ms","Parent Suite","Suite","Sub Suite","Test Class","Test Method","Name","Description"
"passed","Tue Apr 15 20:11:23 CST 2025","Tue Apr 15 20:11:23 CST 2025","247","","test_aaa","TestAPI","","","test_refix[user9]",""
"passed","Tue Apr 15 20:40:30 CST 2025","Tue Apr 15 20:40:31 CST 2025","210","","test_aaa","TestAPI","","","test_refix[user9]",""
"passed","Tue Apr 15 20:40:29 CST 2025","Tue Apr 15 20:40:29 CST 2025","267","","test_aaa","TestAPI","","","test_refix[user2]",""
"passed","Tue Apr 15 20:11:21 CST 2025","Tue Apr 15 20:11:21 CST 2025","295","","test_aaa","TestAPI","","","test_refix[user1]",""
"skipped","Tue Apr 15 20:49:46 CST 2025","Tue Apr 15 20:49:46 CST 2025","0","","test_aaa","TestAPI","","","test_token",""
"passed","Tue Apr 15 20:49:47 CST 2025","Tue Apr 15 20:49:47 CST 2025","198","","test_aaa","TestAPI","","","test_add[user2]",""
"passed","Tue Apr 15 20:36:43 CST 2025","Tue Apr 15 20:36:44 CST 2025","211","","test_aaa","TestAPI","","","test_refix[user4]",""
"passed","Tue Apr 15 20:35:59 CST 2025","Tue Apr 15 20:36:00 CST 2025","231","","test_aaa","TestAPI","","","test_refix[user3]",""
"passed","Tue Apr 15 20:24:52 CST 2025","Tue Apr 15 20:24:53 CST 2025","210","","test_aaa","TestAPI","","","test_refix[user7]",""
"passed","Tue Apr 15 20:20:49 CST 2025","Tue Apr 15 20:20:49 CST 2025","209","","test_aaa","TestAPI","","","test_refix[user9]",""
"passed","Tue Apr 15 20:30:08 CST 2025","Tue Apr 15 20:30:08 CST 2025","286","","test_aaa","TestAPI","","","test_refix[user5]",""
"passed","Tue Apr 15 20:49:48 CST 2025","Tue Apr 15 20:49:49 CST 2025","249","","test_aaa","TestAPI","","","test_refix[user3]",""
"passed","Tue Apr 15 20:28:13 CST 2025","Tue Apr 15 20:28:13 CST 2025","179","","test_aaa","TestAPI","","","test_add[user0]",""
"passed","Tue Apr 15 20:36:42 CST 2025","Tue Apr 15 20:36:42 CST 2025","185","","test_aaa","TestAPI","","","test_add[user2]",""
"passed","Tue Apr 15 20:20:25 CST 2025","Tue Apr 15 20:20:25 CST 2025","184","","test_aaa","TestAPI","","","test_add[user1]",""
"passed","Tue Apr 15 20:49:47 CST 2025","Tue Apr 15 20:49:47 CST 2025","195","","test_aaa","TestAPI","","","test_add[user3]",""
"passed","Tue Apr 15 20:49:50 CST 2025","Tue Apr 15 20:49:50 CST 2025","202","","test_aaa","TestAPI","","","test_refix[user9]",""
"passed","Tue Apr 15 20:30:08 CST 2025","Tue Apr 15 20:30:09 CST 2025","270","","test_aaa","TestAPI","","","test_refix[user6]",""
"passed","Tue Apr 15 20:20:48 CST 2025","Tue Apr 15 20:20:48 CST 2025","243","","test_aaa","TestAPI","","","test_refix[user7]",""
"passed","Tue Apr 15 20:20:47 CST 2025","Tue Apr 15 20:20:47 CST 2025","187","","test_aaa","TestAPI","","","test_refix[user1]",""
"passed","Tue Apr 15 20:20:25 CST 2025","Tue Apr 15 20:20:25 CST 2025","193","","test_aaa","TestAPI","","","test_add[user2]",""
"passed","Tue Apr 15 20:40:28 CST 2025","Tue Apr 15 20:40:28 CST 2025","178","","test_aaa","TestAPI","","","test_add[user2]",""
"passed","Tue Apr 15 20:16:20 CST 2025","Tue Apr 15 20:16:21 CST 2025","198","","test_aaa","TestAPI","","","test_add[user3]",""
"passed","Tue Apr 15 20:30:09 CST 2025","Tue Apr 15 20:30:09 CST 2025","239","","test_aaa","TestAPI","","","test_refix[user9]",""
"passed","Tue Apr 15 20:49:48 CST 2025","Tue Apr 15 20:49:48 CST 2025","228","","test_aaa","TestAPI","","","test_refix[user2]",""
"passed","Tue Apr 15 20:30:06 CST 2025","Tue Apr 15 20:30:06 CST 2025","207","","test_aaa","TestAPI","","","test_add[user3]",""
"passed","Tue Apr 15 20:40:29 CST 2025","Tue Apr 15 20:40:30 CST 2025","203","","test_aaa","TestAPI","","","test_refix[user4]",""
"passed","Tue Apr 15 20:16:22 CST 2025","Tue Apr 15 20:16:22 CST 2025","219","","test_aaa","TestAPI","","","test_refix[user6]",""
"passed","Tue Apr 15 20:35:58 CST 2025","Tue Apr 15 20:35:58 CST 2025","264","","test_aaa","TestAPI","","","test_add[user2]",""
"passed","Tue Apr 15 20:36:45 CST 2025","Tue Apr 15 20:36:45 CST 2025","291","","test_aaa","TestAPI","","","test_refix[user9]",""
"passed","Tue Apr 15 20:36:01 CST 2025","Tue Apr 15 20:36:01 CST 2025","257","","test_aaa","TestAPI","","","test_refix[user9]",""
"passed","Tue Apr 15 20:16:22 CST 2025","Tue Apr 15 20:16:22 CST 2025","245","","test_aaa","TestAPI","","","test_refix[user4]",""
"passed","Tue Apr 15 20:36:43 CST 2025","Tue Apr 15 20:36:43 CST 2025","205","","test_aaa","TestAPI","","","test_refix[user2]",""
"passed","Tue Apr 15 20:28:16 CST 2025","Tue Apr 15 20:28:17 CST 2025","211","","test_aaa","TestAPI","","","test_refix[user8]",""
"passed","Tue Apr 15 20:20:46 CST 2025","Tue Apr 15 20:20:47 CST 2025","184","","test_aaa","TestAPI","","","test_add[user4]",""
"passed","Tue Apr 15 20:11:21 CST 2025","Tue Apr 15 20:11:22 CST 2025","201","","test_aaa","TestAPI","","","test_refix[user3]",""
"passed","Tue Apr 15 20:28:15 CST 2025","Tue Apr 15 20:28:15 CST 2025","205","","test_aaa","TestAPI","","","test_refix[user3]",""
"passed","Tue Apr 15 20:49:49 CST 2025","Tue Apr 15 20:49:49 CST 2025","273","","test_aaa","TestAPI","","","test_refix[user6]",""
"passed","Tue Apr 15 20:20:47 CST 2025","Tue Apr 15 20:20:48 CST 2025","223","","test_aaa","TestAPI","","","test_refix[user4]",""
"passed","Tue Apr 15 20:16:21 CST 2025","Tue Apr 15 20:16:22 CST 2025","221","","test_aaa","TestAPI","","","test_refix[user2]",""
"passed","Tue Apr 15 20:18:51 CST 2025","Tue Apr 15 20:18:52 CST 2025","252","","test_aaa","TestAPI","","","test_add[user0]",""
"passed","Tue Apr 15 20:18:52 CST 2025","Tue Apr 15 20:18:53 CST 2025","291","","test_aaa","TestAPI","","","test_refix[user0]",""
"failed","Tue Apr 15 20:28:15 CST 2025","Tue Apr 15 20:28:15 CST 2025","193","","test_aaa","TestAPI","","","test_refix[user2]",""
"passed","Tue Apr 15 20:20:25 CST 2025","Tue Apr 15 20:20:25 CST 2025","183","","test_aaa","TestAPI","","","test_add[user3]",""
"passed","Tue Apr 15 20:18:52 CST 2025","Tue Apr 15 20:18:52 CST 2025","177","","test_aaa","TestAPI","","","test_add[user4]",""
"passed","Tue Apr 15 20:36:43 CST 2025","Tue Apr 15 20:36:43 CST 2025","252","","test_aaa","TestAPI","","","test_refix[user0]",""
"passed","Tue Apr 15 20:18:54 CST 2025","Tue Apr 15 20:18:54 CST 2025","278","","test_aaa","TestAPI","","","test_refix[user6]",""
"passed","Tue Apr 15 20:24:52 CST 2025","Tue Apr 15 20:24:52 CST 2025","217","","test_aaa","TestAPI","","","test_refix[user4]",""
"passed","Tue Apr 15 20:36:42 CST 2025","Tue Apr 15 20:36:42 CST 2025","174","","test_aaa","TestAPI","","","test_add[user0]",""
"passed","Tue Apr 15 20:18:53 CST 2025","Tue Apr 15 20:18:53 CST 2025","211","","test_aaa","TestAPI","","","test_refix[user3]",""
"passed","Tue Apr 15 20:11:21 CST 2025","Tue Apr 15 20:11:21 CST 2025","214","","test_aaa","TestAPI","","","test_refix[user0]",""
"passed","Tue Apr 15 20:18:54 CST 2025","Tue Apr 15 20:18:54 CST 2025","231","","test_aaa","TestAPI","","","test_refix[user8]",""
"passed","Tue Apr 15 20:36:42 CST 2025","Tue Apr 15 20:36:42 CST 2025","171","","test_aaa","TestAPI","","","test_add[user1]",""
"passed","Tue Apr 15 20:35:59 CST 2025","Tue Apr 15 20:35:59 CST 2025","207","","test_aaa","TestAPI","","","test_refix[user2]",""
"passed","Tue Apr 15 20:24:53 CST 2025","Tue Apr 15 20:24:53 CST 2025","221","","test_aaa","TestAPI","","","test_refix[user8]",""
"passed","Tue Apr 15 20:35:58 CST 2025","Tue Apr 15 20:35:58 CST 2025","207","","test_aaa","TestAPI","","","test_add[user0]",""
"passed","Tue Apr 15 20:30:06 CST 2025","Tue Apr 15 20:30:06 CST 2025","182","","test_aaa","TestAPI","","","test_add[user1]",""
"passed","Tue Apr 15 20:28:17 CST 2025","Tue Apr 15 20:28:17 CST 2025","230","","test_aaa","TestAPI","","","test_refix[user9]",""
"passed","Tue Apr 15 20:24:51 CST 2025","Tue Apr 15 20:24:51 CST 2025","241","","test_aaa","TestAPI","","","test_refix[user1]",""
"passed","Tue Apr 15 20:24:50 CST 2025","Tue Apr 15 20:24:50 CST 2025","177","","test_aaa","TestAPI","","","test_add[user0]",""
"passed","Tue Apr 15 20:11:22 CST 2025","Tue Apr 15 20:11:22 CST 2025","244","","test_aaa","TestAPI","","","test_refix[user7]",""
"passed","Tue Apr 15 20:11:20 CST 2025","Tue Apr 15 20:11:20 CST 2025","226","","test_aaa","TestAPI","","","test_add[user3]",""
"passed","Tue Apr 15 20:18:52 CST 2025","Tue Apr 15 20:18:52 CST 2025","176","","test_aaa","TestAPI","","","test_add[user1]",""
"passed","Tue Apr 15 20:36:00 CST 2025","Tue Apr 15 20:36:00 CST 2025","227","","test_aaa","TestAPI","","","test_refix[user5]",""
"passed","Tue Apr 15 20:20:27 CST 2025","Tue Apr 15 20:20:27 CST 2025","199","","test_aaa","TestAPI","","","test_refix[user5]",""
"passed","Tue Apr 15 20:24:50 CST 2025","Tue Apr 15 20:24:50 CST 2025","178","","test_aaa","TestAPI","","","test_add[user2]",""
"passed","Tue Apr 15 20:49:47 CST 2025","Tue Apr 15 20:49:47 CST 2025","183","","test_aaa","TestAPI","","","test_add[user0]",""
"passed","Tue Apr 15 20:40:28 CST 2025","Tue Apr 15 20:40:28 CST 2025","208","","test_aaa","TestAPI","","","test_add[user3]",""
"passed","Tue Apr 15 20:24:50 CST 2025","Tue Apr 15 20:24:51 CST 2025","230","","test_aaa","TestAPI","","","test_add[user4]",""
"passed","Tue Apr 15 20:24:51 CST 2025","Tue Apr 15 20:24:52 CST 2025","284","","test_aaa","TestAPI","","","test_refix[user3]",""
"passed","Tue Apr 15 20:11:22 CST 2025","Tue Apr 15 20:11:22 CST 2025","220","","test_aaa","TestAPI","","","test_refix[user4]",""
"passed","Tue Apr 15 20:20:48 CST 2025","Tue Apr 15 20:20:49 CST 2025","221","","test_aaa","TestAPI","","","test_refix[user8]",""
"passed","Tue Apr 15 20:20:27 CST 2025","Tue Apr 15 20:20:27 CST 2025","206","","test_aaa","TestAPI","","","test_refix[user6]",""
"passed","Tue Apr 15 20:20:27 CST 2025","Tue Apr 15 20:20:27 CST 2025","195","","test_aaa","TestAPI","","","test_refix[user7]",""
"passed","Tue Apr 15 20:49:47 CST 2025","Tue Apr 15 20:49:47 CST 2025","177","","test_aaa","TestAPI","","","test_add[user1]",""
"passed","Tue Apr 15 20:40:28 CST 2025","Tue Apr 15 20:40:28 CST 2025","182","","test_aaa","TestAPI","","","test_add[user1]",""
"passed","Tue Apr 15 20:36:00 CST 2025","Tue Apr 15 20:36:00 CST 2025","204","","test_aaa","TestAPI","","","test_refix[user4]",""
"passed","Tue Apr 15 20:36:00 CST 2025","Tue Apr 15 20:36:01 CST 2025","213","","test_aaa","TestAPI","","","test_refix[user7]",""
"passed","Tue Apr 15 20:16:21 CST 2025","Tue Apr 15 20:16:21 CST 2025","277","","test_aaa","TestAPI","","","test_refix[user0]",""
"passed","Tue Apr 15 20:11:19 CST 2025","Tue Apr 15 20:11:19 CST 2025","201","","test_aaa","TestAPI","","","test_add[user0]",""
"passed","Tue Apr 15 20:40:27 CST 2025","Tue Apr 15 20:40:28 CST 2025","183","","test_aaa","TestAPI","","","test_add[user0]",""
"passed","Tue Apr 15 20:24:50 CST 2025","Tue Apr 15 20:24:50 CST 2025","167","","test_aaa","TestAPI","","","test_add[user3]",""
"passed","Tue Apr 15 20:40:30 CST 2025","Tue Apr 15 20:40:30 CST 2025","200","","test_aaa","TestAPI","","","test_refix[user6]",""
"passed","Tue Apr 15 20:16:20 CST 2025","Tue Apr 15 20:16:20 CST 2025","536","","test_aaa","TestAPI","","","test_add[user1]",""
"passed","Tue Apr 15 20:18:53 CST 2025","Tue Apr 15 20:18:53 CST 2025","248","","test_aaa","TestAPI","","","test_refix[user1]",""
"passed","Tue Apr 15 20:30:06 CST 2025","Tue Apr 15 20:30:06 CST 2025","204","","test_aaa","TestAPI","","","test_add[user2]",""
"passed","Tue Apr 15 20:18:54 CST 2025","Tue Apr 15 20:18:54 CST 2025","200","","test_aaa","TestAPI","","","test_refix[user7]",""
"passed","Tue Apr 15 20:24:51 CST 2025","Tue Apr 15 20:24:51 CST 2025","229","","test_aaa","TestAPI","","","test_refix[user0]",""
"passed","Tue Apr 15 20:40:30 CST 2025","Tue Apr 15 20:40:30 CST 2025","204","","test_aaa","TestAPI","","","test_refix[user5]",""
"passed","Tue Apr 15 20:16:19 CST 2025","Tue Apr 15 20:16:20 CST 2025","187","","test_aaa","TestAPI","","","test_add[user0]",""
"passed","Tue Apr 15 20:18:54 CST 2025","Tue Apr 15 20:18:55 CST 2025","347","","test_aaa","TestAPI","","","test_refix[user9]",""
"passed","Tue Apr 15 20:28:14 CST 2025","Tue Apr 15 20:28:14 CST 2025","235","","test_aaa","TestAPI","","","test_add[user4]",""
"passed","Tue Apr 15 20:28:14 CST 2025","Tue Apr 15 20:28:14 CST 2025","184","","test_aaa","TestAPI","","","test_add[user2]",""
"passed","Tue Apr 15 20:11:20 CST 2025","Tue Apr 15 20:11:21 CST 2025","210","","test_aaa","TestAPI","","","test_add[user4]",""
"passed","Tue Apr 15 20:28:16 CST 2025","Tue Apr 15 20:28:16 CST 2025","200","","test_aaa","TestAPI","","","test_refix[user6]",""
"passed","Tue Apr 15 20:11:22 CST 2025","Tue Apr 15 20:11:22 CST 2025","223","","test_aaa","TestAPI","","","test_refix[user5]",""
"passed","Tue Apr 15 20:16:20 CST 2025","Tue Apr 15 20:16:20 CST 2025","235","","test_aaa","TestAPI","","","test_add[user2]",""
"passed","Tue Apr 15 20:36:42 CST 2025","Tue Apr 15 20:36:42 CST 2025","179","","test_aaa","TestAPI","","","test_add[user3]",""
"passed","Tue Apr 15 20:11:20 CST 2025","Tue Apr 15 20:11:20 CST 2025","313","","test_aaa","TestAPI","","","test_add[user2]",""
"passed","Tue Apr 15 20:11:21 CST 2025","Tue Apr 15 20:11:21 CST 2025","257","","test_aaa","TestAPI","","","test_refix[user2]",""
"passed","Tue Apr 15 20:20:46 CST 2025","Tue Apr 15 20:20:46 CST 2025","175","","test_aaa","TestAPI","","","test_add[user1]",""
"passed","Tue Apr 15 20:16:21 CST 2025","Tue Apr 15 20:16:21 CST 2025","188","","test_aaa","TestAPI","","","test_refix[user1]",""
"passed","Tue Apr 15 20:28:14 CST 2025","Tue Apr 15 20:28:14 CST 2025","197","","test_aaa","TestAPI","","","test_add[user3]",""
"passed","Tue Apr 15 20:49:48 CST 2025","Tue Apr 15 20:49:48 CST 2025","206","","test_aaa","TestAPI","","","test_refix[user1]",""
"passed","Tue Apr 15 20:28:16 CST 2025","Tue Apr 15 20:28:16 CST 2025","266","","test_aaa","TestAPI","","","test_refix[user5]",""
"passed","Tue Apr 15 20:20:25 CST 2025","Tue Apr 15 20:20:25 CST 2025","178","","test_aaa","TestAPI","","","test_add[user4]",""
"passed","Tue Apr 15 20:24:52 CST 2025","Tue Apr 15 20:24:52 CST 2025","257","","test_aaa","TestAPI","","","test_refix[user5]",""
"passed","Tue Apr 15 20:40:30 CST 2025","Tue Apr 15 20:40:30 CST 2025","183","","test_aaa","TestAPI","","","test_refix[user7]",""
"passed","Tue Apr 15 20:18:52 CST 2025","Tue Apr 15 20:18:52 CST 2025","183","","test_aaa","TestAPI","","","test_add[user3]",""
"passed","Tue Apr 15 20:20:26 CST 2025","Tue Apr 15 20:20:26 CST 2025","276","","test_aaa","TestAPI","","","test_refix[user2]",""
"passed","Tue Apr 15 20:35:58 CST 2025","Tue Apr 15 20:35:58 CST 2025","174","","test_aaa","TestAPI","","","test_add[user3]",""
"passed","Tue Apr 15 20:30:07 CST 2025","Tue Apr 15 20:30:07 CST 2025","568","","test_aaa","TestAPI","","","test_refix[user1]",""
"passed","Tue Apr 15 20:49:48 CST 2025","Tue Apr 15 20:49:48 CST 2025","231","","test_aaa","TestAPI","","","test_refix[user0]",""
"passed","Tue Apr 15 20:18:53 CST 2025","Tue Apr 15 20:18:53 CST 2025","250","","test_aaa","TestAPI","","","test_refix[user2]",""
"passed","Tue Apr 15 20:30:06 CST 2025","Tue Apr 15 20:30:07 CST 2025","221","","test_aaa","TestAPI","","","test_refix[user0]",""
"passed","Tue Apr 15 20:16:21 CST 2025","Tue Apr 15 20:16:21 CST 2025","190","","test_aaa","TestAPI","","","test_add[user4]",""
"passed","Tue Apr 15 20:24:52 CST 2025","Tue Apr 15 20:24:52 CST 2025","234","","test_aaa","TestAPI","","","test_refix[user6]",""
"passed","Tue Apr 15 20:16:22 CST 2025","Tue Apr 15 20:16:22 CST 2025","186","","test_aaa","TestAPI","","","test_refix[user3]",""
"passed","Tue Apr 15 20:20:25 CST 2025","Tue Apr 15 20:20:26 CST 2025","203","","test_aaa","TestAPI","","","test_refix[user0]",""
"passed","Tue Apr 15 20:40:28 CST 2025","Tue Apr 15 20:40:29 CST 2025","203","","test_aaa","TestAPI","","","test_refix[user0]",""
"passed","Tue Apr 15 20:20:47 CST 2025","Tue Apr 15 20:20:47 CST 2025","288","","test_aaa","TestAPI","","","test_refix[user3]",""
"passed","Tue Apr 15 20:30:07 CST 2025","Tue Apr 15 20:30:08 CST 2025","274","","test_aaa","TestAPI","","","test_refix[user2]",""
"passed","Tue Apr 15 20:20:46 CST 2025","Tue Apr 15 20:20:46 CST 2025","187","","test_aaa","TestAPI","","","test_add[user0]",""
"passed","Tue Apr 15 20:28:16 CST 2025","Tue Apr 15 20:28:16 CST 2025","290","","test_aaa","TestAPI","","","test_refix[user7]",""
"passed","Tue Apr 15 20:30:06 CST 2025","Tue Apr 15 20:30:06 CST 2025","230","","test_aaa","TestAPI","","","test_add[user4]",""
"passed","Tue Apr 15 20:30:09 CST 2025","Tue Apr 15 20:30:09 CST 2025","289","","test_aaa","TestAPI","","","test_refix[user8]",""
"passed","Tue Apr 15 20:40:28 CST 2025","Tue Apr 15 20:40:28 CST 2025","186","","test_aaa","TestAPI","","","test_add[user4]",""
"passed","Tue Apr 15 20:16:22 CST 2025","Tue Apr 15 20:16:23 CST 2025","223","","test_aaa","TestAPI","","","test_refix[user7]",""
"passed","Tue Apr 15 20:36:44 CST 2025","Tue Apr 15 20:36:44 CST 2025","236","","test_aaa","TestAPI","","","test_refix[user7]",""
"passed","Tue Apr 15 20:18:54 CST 2025","Tue Apr 15 20:18:54 CST 2025","200","","test_aaa","TestAPI","","","test_refix[user5]",""
"passed","Tue Apr 15 20:18:52 CST 2025","Tue Apr 15 20:18:52 CST 2025","192","","test_aaa","TestAPI","","","test_add[user2]",""
"passed","Tue Apr 15 20:36:43 CST 2025","Tue Apr 15 20:36:43 CST 2025","220","","test_aaa","TestAPI","","","test_refix[user1]",""
"passed","Tue Apr 15 20:16:22 CST 2025","Tue Apr 15 20:16:22 CST 2025","206","","test_aaa","TestAPI","","","test_refix[user5]",""
"passed","Tue Apr 15 20:36:44 CST 2025","Tue Apr 15 20:36:44 CST 2025","248","","test_aaa","TestAPI","","","test_refix[user6]",""
"passed","Tue Apr 15 20:36:43 CST 2025","Tue Apr 15 20:36:43 CST 2025","245","","test_aaa","TestAPI","","","test_refix[user3]",""
"passed","Tue Apr 15 20:49:49 CST 2025","Tue Apr 15 20:49:49 CST 2025","221","","test_aaa","TestAPI","","","test_refix[user5]",""
"passed","Tue Apr 15 20:49:47 CST 2025","Tue Apr 15 20:49:48 CST 2025","188","","test_aaa","TestAPI","","","test_add[user4]",""
"passed","Tue Apr 15 20:35:58 CST 2025","Tue Apr 15 20:35:59 CST 2025","214","","test_aaa","TestAPI","","","test_add[user4]",""
"passed","Tue Apr 15 20:36:44 CST 2025","Tue Apr 15 20:36:44 CST 2025","195","","test_aaa","TestAPI","","","test_refix[user5]",""
"passed","Tue Apr 15 20:28:15 CST 2025","Tue Apr 15 20:28:16 CST 2025","224","","test_aaa","TestAPI","","","test_refix[user4]",""
"passed","Tue Apr 15 20:40:30 CST 2025","Tue Apr 15 20:40:30 CST 2025","220","","test_aaa","TestAPI","","","test_refix[user8]",""
"passed","Tue Apr 15 20:20:48 CST 2025","Tue Apr 15 20:20:48 CST 2025","219","","test_aaa","TestAPI","","","test_refix[user5]",""
"passed","Tue Apr 15 20:16:23 CST 2025","Tue Apr 15 20:16:23 CST 2025","274","","test_aaa","TestAPI","","","test_refix[user9]",""
"passed","Tue Apr 15 20:36:00 CST 2025","Tue Apr 15 20:36:00 CST 2025","218","","test_aaa","TestAPI","","","test_refix[user6]",""
"passed","Tue Apr 15 20:20:48 CST 2025","Tue Apr 15 20:20:48 CST 2025","203","","test_aaa","TestAPI","","","test_refix[user6]",""
"passed","Tue Apr 15 20:30:09 CST 2025","Tue Apr 15 20:30:09 CST 2025","218","","test_aaa","TestAPI","","","test_refix[user7]",""
"passed","Tue Apr 15 20:49:49 CST 2025","Tue Apr 15 20:49:50 CST 2025","221","","test_aaa","TestAPI","","","test_refix[user7]",""
"passed","Tue Apr 15 20:20:26 CST 2025","Tue Apr 15 20:20:26 CST 2025","208","","test_aaa","TestAPI","","","test_refix[user3]",""
"passed","Tue Apr 15 20:24:50 CST 2025","Tue Apr 15 20:24:50 CST 2025","180","","test_aaa","TestAPI","","","test_add[user1]",""
"passed","Tue Apr 15 20:20:26 CST 2025","Tue Apr 15 20:20:26 CST 2025","278","","test_aaa","TestAPI","","","test_refix[user1]",""
"passed","Tue Apr 15 20:20:46 CST 2025","Tue Apr 15 20:20:46 CST 2025","174","","test_aaa","TestAPI","","","test_add[user3]",""
"passed","Tue Apr 15 20:36:01 CST 2025","Tue Apr 15 20:36:01 CST 2025","199","","test_aaa","TestAPI","","","test_refix[user8]",""
"passed","Tue Apr 15 20:36:42 CST 2025","Tue Apr 15 20:36:43 CST 2025","181","","test_aaa","TestAPI","","","test_add[user4]",""
"passed","Tue Apr 15 20:20:27 CST 2025","Tue Apr 15 20:20:27 CST 2025","281","","test_aaa","TestAPI","","","test_refix[user8]",""
"passed","Tue Apr 15 20:20:47 CST 2025","Tue Apr 15 20:20:47 CST 2025","217","","test_aaa","TestAPI","","","test_refix[user2]",""
"passed","Tue Apr 15 20:11:22 CST 2025","Tue Apr 15 20:11:22 CST 2025","221","","test_aaa","TestAPI","","","test_refix[user6]",""
"passed","Tue Apr 15 20:40:29 CST 2025","Tue Apr 15 20:40:29 CST 2025","206","","test_aaa","TestAPI","","","test_refix[user1]",""
"passed","Tue Apr 15 20:20:27 CST 2025","Tue Apr 15 20:20:28 CST 2025","276","","test_aaa","TestAPI","","","test_refix[user9]",""
"passed","Tue Apr 15 20:30:05 CST 2025","Tue Apr 15 20:30:06 CST 2025","271","","test_aaa","TestAPI","","","test_add[user0]",""
"passed","Tue Apr 15 20:49:50 CST 2025","Tue Apr 15 20:49:50 CST 2025","117","","test_aaa","TestAPI","","","test_del",""
"passed","Tue Apr 15 20:30:08 CST 2025","Tue Apr 15 20:30:08 CST 2025","216","","test_aaa","TestAPI","","","test_refix[user3]",""
"passed","Tue Apr 15 20:35:58 CST 2025","Tue Apr 15 20:35:58 CST 2025","179","","test_aaa","TestAPI","","","test_add[user1]",""
"passed","Tue Apr 15 20:11:22 CST 2025","Tue Apr 15 20:11:23 CST 2025","225","","test_aaa","TestAPI","","","test_refix[user8]",""
"passed","Tue Apr 15 20:11:19 CST 2025","Tue Apr 15 20:11:20 CST 2025","270","","test_aaa","TestAPI","","","test_add[user1]",""
"passed","Tue Apr 15 20:20:47 CST 2025","Tue Apr 15 20:20:47 CST 2025","198","","test_aaa","TestAPI","","","test_refix[user0]",""
"passed","Tue Apr 15 20:40:29 CST 2025","Tue Apr 15 20:40:29 CST 2025","202","","test_aaa","TestAPI","","","test_refix[user3]",""
"passed","Tue Apr 15 20:18:53 CST 2025","Tue Apr 15 20:18:54 CST 2025","194","","test_aaa","TestAPI","","","test_refix[user4]",""
"passed","Tue Apr 15 20:24:53 CST 2025","Tue Apr 15 20:24:53 CST 2025","228","","test_aaa","TestAPI","","","test_refix[user9]",""
"passed","Tue Apr 15 20:35:59 CST 2025","Tue Apr 15 20:35:59 CST 2025","301","","test_aaa","TestAPI","","","test_refix[user0]",""
"passed","Tue Apr 15 20:28:13 CST 2025","Tue Apr 15 20:28:14 CST 2025","267","","test_aaa","TestAPI","","","test_add[user1]",""
"passed","Tue Apr 15 20:30:08 CST 2025","Tue Apr 15 20:30:08 CST 2025","244","","test_aaa","TestAPI","","","test_refix[user4]",""
"passed","Tue Apr 15 20:28:14 CST 2025","Tue Apr 15 20:28:15 CST 2025","326","","test_aaa","TestAPI","","","test_refix[user0]",""
"passed","Tue Apr 15 20:36:44 CST 2025","Tue Apr 15 20:36:45 CST 2025","201","","test_aaa","TestAPI","","","test_refix[user8]",""
"passed","Tue Apr 15 20:20:46 CST 2025","Tue Apr 15 20:20:46 CST 2025","187","","test_aaa","TestAPI","","","test_add[user2]",""
"passed","Tue Apr 15 20:24:51 CST 2025","Tue Apr 15 20:24:51 CST 2025","230","","test_aaa","TestAPI","","","test_refix[user2]",""
"passed","Tue Apr 15 20:49:50 CST 2025","Tue Apr 15 20:49:50 CST 2025","200","","test_aaa","TestAPI","","","test_refix[user8]",""
"passed","Tue Apr 15 20:49:49 CST 2025","Tue Apr 15 20:49:49 CST 2025","270","","test_aaa","TestAPI","","","test_refix[user4]",""
"passed","Tue Apr 15 20:20:26 CST 2025","Tue Apr 15 20:20:26 CST 2025","197","","test_aaa","TestAPI","","","test_refix[user4]",""
"passed","Tue Apr 15 20:28:15 CST 2025","Tue Apr 15 20:28:15 CST 2025","209","","test_aaa","TestAPI","","","test_refix[user1]",""
"passed","Tue Apr 15 20:35:59 CST 2025","Tue Apr 15 20:35:59 CST 2025","238","","test_aaa","TestAPI","","","test_refix[user1]",""
"passed","Tue Apr 15 20:20:24 CST 2025","Tue Apr 15 20:20:25 CST 2025","196","","test_aaa","TestAPI","","","test_add[user0]",""
"passed","Tue Apr 15 20:16:23 CST 2025","Tue Apr 15 20:16:23 CST 2025","286","","test_aaa","TestAPI","","","test_refix[user8]",""
